{"cameraMode":{"drawMode":0,"name":"Shaded","section":"Shading Mode"},"sceneLighting":false,"audioPlay":false,"sceneViewState":{"m_AlwaysRefresh":false,"showFog":true,"showSkybox":false,"showFlares":true,"showImageEffects":true,"showParticleSystems":true,"showVisualEffectGraphs":true,"m_FxEnabled":true},"in2DMode":false,"pivot":{"x":2.911189079284668,"y":476.61236572265627,"z":15.694999694824219},"rotation":{"x":0.08569823950529099,"y":-0.011960172094404698,"z":0.0010289050405845047,"w":0.9962495565414429},"size":2022.652099609375,"orthographic":false}